{"frames": [

{
	"filename": "coin.png",
	"frame": {"x":37,"y":0,"w":25,"h":26},
	"rotated": false,
	"trimmed": false,
	"spriteSourceSize": {"x":0,"y":0,"w":25,"h":26},
	"sourceSize": {"w":25,"h":26},
	"pivot": {"x":0.5,"y":0.5}
},
{
	"filename": "explo_d.png",
	"frame": {"x":24,"y":30,"w":24,"h":42},
	"rotated": false,
	"trimmed": false,
	"spriteSourceSize": {"x":0,"y":0,"w":24,"h":42},
	"sourceSize": {"w":24,"h":42},
	"pivot": {"x":0.5,"y":0.5}
},
{
	"filename": "explo_fire.png",
	"frame": {"x":86,"y":0,"w":29,"h":30},
	"rotated": false,
	"trimmed": false,
	"spriteSourceSize": {"x":0,"y":0,"w":29,"h":30},
	"sourceSize": {"w":29,"h":30},
	"pivot": {"x":0.5,"y":0.5}
},
{
	"filename": "explo_fire_orange.png",
	"frame": {"x":115,"y":0,"w":29,"h":30},
	"rotated": false,
	"trimmed": false,
	"spriteSourceSize": {"x":0,"y":0,"w":29,"h":30},
	"sourceSize": {"w":29,"h":30},
	"pivot": {"x":0.5,"y":0.5}
},
{
	"filename": "explo_fire_pink.png",
	"frame": {"x":144,"y":0,"w":29,"h":30},
	"rotated": false,
	"trimmed": false,
	"spriteSourceSize": {"x":0,"y":0,"w":29,"h":30},
	"sourceSize": {"w":29,"h":30},
	"pivot": {"x":0.5,"y":0.5}
},
{
	"filename": "explo_fire_red.png",
	"frame": {"x":173,"y":0,"w":29,"h":30},
	"rotated": false,
	"trimmed": false,
	"spriteSourceSize": {"x":0,"y":0,"w":29,"h":30},
	"sourceSize": {"w":29,"h":30},
	"pivot": {"x":0.5,"y":0.5}
},
{
	"filename": "explo_fire_yellow.png",
	"frame": {"x":202,"y":0,"w":29,"h":30},
	"rotated": false,
	"trimmed": false,
	"spriteSourceSize": {"x":0,"y":0,"w":29,"h":30},
	"sourceSize": {"w":29,"h":30},
	"pivot": {"x":0.5,"y":0.5}
},
{
	"filename": "explo_orange.png",
	"frame": {"x":48,"y":30,"w":24,"h":42},
	"rotated": false,
	"trimmed": false,
	"spriteSourceSize": {"x":0,"y":0,"w":24,"h":42},
	"sourceSize": {"w":24,"h":42},
	"pivot": {"x":0.5,"y":0.5}
},
{
	"filename": "explo_pink.png",
	"frame": {"x":96,"y":30,"w":24,"h":42},
	"rotated": false,
	"trimmed": false,
	"spriteSourceSize": {"x":0,"y":0,"w":24,"h":42},
	"sourceSize": {"w":24,"h":42},
	"pivot": {"x":0.5,"y":0.5}
},
{
	"filename": "explo_red.png",
	"frame": {"x":72,"y":30,"w":24,"h":42},
	"rotated": false,
	"trimmed": false,
	"spriteSourceSize": {"x":0,"y":0,"w":24,"h":42},
	"sourceSize": {"w":24,"h":42},
	"pivot": {"x":0.5,"y":0.5}
},
{
	"filename": "explo_ring.png",
	"frame": {"x":0,"y":154,"w":253,"h":254},
	"rotated": false,
	"trimmed": false,
	"spriteSourceSize": {"x":0,"y":0,"w":253,"h":254},
	"sourceSize": {"w":253,"h":254},
	"pivot": {"x":0.5,"y":0.5}
},
{
	"filename": "explo_ring_orange.png",
	"frame": {"x":0,"y":662,"w":253,"h":254},
	"rotated": false,
	"trimmed": false,
	"spriteSourceSize": {"x":0,"y":0,"w":253,"h":254},
	"sourceSize": {"w":253,"h":254},
	"pivot": {"x":0.5,"y":0.5}
},
{
	"filename": "explo_ring_pink.png",
	"frame": {"x":0,"y":1170,"w":253,"h":254},
	"rotated": false,
	"trimmed": false,
	"spriteSourceSize": {"x":0,"y":0,"w":253,"h":254},
	"sourceSize": {"w":253,"h":254},
	"pivot": {"x":0.5,"y":0.5}
},
{
	"filename": "explo_ring_red.png",
	"frame": {"x":0,"y":916,"w":253,"h":254},
	"rotated": false,
	"trimmed": false,
	"spriteSourceSize": {"x":0,"y":0,"w":253,"h":254},
	"sourceSize": {"w":253,"h":254},
	"pivot": {"x":0.5,"y":0.5}
},
{
	"filename": "explo_ring_yellow.png",
	"frame": {"x":0,"y":408,"w":253,"h":254},
	"rotated": false,
	"trimmed": false,
	"spriteSourceSize": {"x":0,"y":0,"w":253,"h":254},
	"sourceSize": {"w":253,"h":254},
	"pivot": {"x":0.5,"y":0.5}
},
{
	"filename": "explo_yellow.png",
	"frame": {"x":0,"y":30,"w":24,"h":42},
	"rotated": false,
	"trimmed": false,
	"spriteSourceSize": {"x":0,"y":0,"w":24,"h":42},
	"sourceSize": {"w":24,"h":42},
	"pivot": {"x":0.5,"y":0.5}
},
{
	"filename": "rb_0.png",
	"frame": {"x":11,"y":0,"w":15,"h":12},
	"rotated": false,
	"trimmed": false,
	"spriteSourceSize": {"x":0,"y":0,"w":15,"h":12},
	"sourceSize": {"w":15,"h":12},
	"pivot": {"x":0.5,"y":0.5}
},
{
	"filename": "rb_1.png",
	"frame": {"x":0,"y":0,"w":11,"h":12},
	"rotated": false,
	"trimmed": false,
	"spriteSourceSize": {"x":0,"y":0,"w":11,"h":12},
	"sourceSize": {"w":11,"h":12},
	"pivot": {"x":0.5,"y":0.5}
},
{
	"filename": "rb_2.png",
	"frame": {"x":62,"y":0,"w":24,"h":27},
	"rotated": false,
	"trimmed": false,
	"spriteSourceSize": {"x":0,"y":0,"w":24,"h":27},
	"sourceSize": {"w":24,"h":27},
	"pivot": {"x":0.5,"y":0.5}
},
{
	"filename": "rb_3.png",
	"frame": {"x":26,"y":0,"w":11,"h":15},
	"rotated": false,
	"trimmed": false,
	"spriteSourceSize": {"x":0,"y":0,"w":11,"h":15},
	"sourceSize": {"w":11,"h":15},
	"pivot": {"x":0.5,"y":0.5}
},
{
	"filename": "star_0.png",
	"frame": {"x":0,"y":92,"w":62,"h":62},
	"rotated": false,
	"trimmed": false,
	"spriteSourceSize": {"x":0,"y":0,"w":62,"h":62},
	"sourceSize": {"w":62,"h":62},
	"pivot": {"x":0.5,"y":0.5}
},
{
	"filename": "star_1.png",
	"frame": {"x":120,"y":30,"w":62,"h":62},
	"rotated": false,
	"trimmed": false,
	"spriteSourceSize": {"x":0,"y":0,"w":62,"h":62},
	"sourceSize": {"w":62,"h":62},
	"pivot": {"x":0.5,"y":0.5}
},
{
	"filename": "star_3.png",
	"frame": {"x":182,"y":30,"w":62,"h":62},
	"rotated": false,
	"trimmed": false,
	"spriteSourceSize": {"x":0,"y":0,"w":62,"h":62},
	"sourceSize": {"w":62,"h":62},
	"pivot": {"x":0.5,"y":0.5}
},
{
	"filename": "star_4.png",
	"frame": {"x":62,"y":92,"w":62,"h":62},
	"rotated": false,
	"trimmed": false,
	"spriteSourceSize": {"x":0,"y":0,"w":62,"h":62},
	"sourceSize": {"w":62,"h":62},
	"pivot": {"x":0.5,"y":0.5}
}],
"meta": {
	"app": "https://www.codeandweb.com/texturepacker",
	"version": "1.0",
	"image": "explo.png",
	"format": "RGBA8888",
	"size": {"w":253,"h":1424},
	"scale": "1",
	"smartupdate": "$TexturePacker:SmartUpdate:6026b1b0b5e7ee633f76e07dcaee8561:a55e8ee6e883d041ba764d3e0d6aa4e6:1f7a9f966ed84737a266cf545049e146$"
}
}
